id,Job_type,firstName,lastName,middleName,address,mobile_phone,emergency_contact,wifeName,numberOfChildren,well_id,GeneratedEmail
1,Technician,EmpFN1,EmpLN1,M,China,964785391,9647321561,Wife1,1,3,e.empln1@iraqioil.gov.ir
2,Digger,EmpFN2,EmpLN2,M,Iraq,9647173956,9647322798,Wife2,0,2,e.empln2@iraqioil.gov.ir
3,Engineer,EmpFN3,EmpLN3,M,Germany,9647680637,964762303,Wife3,1,1,e.empln3@iraqioil.gov.ir
4,Digger,EmpFN4,EmpLN4,M,Germany,9647512402,964760365,Wife4,3,2,e.empln4@iraqioil.gov.ir
5,Digger,EmpFN5,EmpLN5,M,South Korea,9647524265,9647657796,Wife5,3,2,e.empln5@iraqioil.gov.ir
6,Digger,EmpFN6,EmpLN6,M,South Korea,9647447776,9647369784,Wife6,2,2,e.empln6@iraqioil.gov.ir
7,Admin,EmpFN7,EmpLN7,M,South Korea,9647399177,9647119057,Wife7,1,2,e.empln7@iraqioil.gov.ir
8,Digger,EmpFN8,EmpLN8,M,Iran,9647750130,9647964056,Wife8,2,3,e.empln8@iraqioil.gov.ir
9,Engineer,EmpFN9,EmpLN9,M,Germany,9647328464,9647107169,Wife9,2,2,e.empln9@iraqioil.gov.ir
10,Admin,EmpFN10,EmpLN10,M,China,9647592208,9647301332,Wife10,3,3,e.empln10@iraqioil.gov.ir
11,Admin,EmpFN11,EmpLN11,M,Germany,9647704749,9647127470,Wife11,2,1,e.empln11@iraqioil.gov.ir
12,Admin,EmpFN12,EmpLN12,M,China,9647620849,9647258485,Wife12,2,2,e.empln12@iraqioil.gov.ir
13,Admin,EmpFN13,EmpLN13,M,South Korea,9647151112,9647420895,Wife13,3,3,e.empln13@iraqioil.gov.ir
14,Engineer,EmpFN14,EmpLN14,M,Iraq,9647360630,9647565850,Wife14,3,1,e.empln14@iraqioil.gov.ir
15,Digger,EmpFN15,EmpLN15,M,South Korea,9647402101,964751826,Wife15,0,1,e.empln15@iraqioil.gov.ir
16,Technician,EmpFN16,EmpLN16,M,Germany,9647835589,9647383970,Wife16,2,3,e.empln16@iraqioil.gov.ir
17,Technician,EmpFN17,EmpLN17,M,Iran,9647519883,9647896551,Wife17,4,3,e.empln17@iraqioil.gov.ir
18,Digger,EmpFN18,EmpLN18,M,Germany,964734283,9647602632,Wife18,4,3,e.empln18@iraqioil.gov.ir
19,Digger,EmpFN19,EmpLN19,M,South Korea,9647567302,9647718856,Wife19,4,1,e.empln19@iraqioil.gov.ir
20,Digger,EmpFN20,EmpLN20,M,China,9647108112,9647546687,Wife20,2,2,e.empln20@iraqioil.gov.ir
21,Driver,EmpFN21,EmpLN21,M,South Korea,9647516991,9647234866,Wife21,3,2,e.empln21@iraqioil.gov.ir
22,Engineer,EmpFN22,EmpLN22,M,South Korea,964715476,9647924611,Wife22,2,1,e.empln22@iraqioil.gov.ir
23,Digger,EmpFN23,EmpLN23,M,South Korea,9647326103,9647364944,Wife23,4,1,e.empln23@iraqioil.gov.ir
24,Engineer,EmpFN24,EmpLN24,M,China,9647172666,9647895383,Wife24,4,1,e.empln24@iraqioil.gov.ir
25,Driver,EmpFN25,EmpLN25,M,Iraq,964712400,964756838,Wife25,1,1,e.empln25@iraqioil.gov.ir
26,Admin,EmpFN26,EmpLN26,M,South Korea,9647819623,9647960210,Wife26,1,3,e.empln26@iraqioil.gov.ir
27,Engineer,EmpFN27,EmpLN27,M,Iraq,9647292930,964764125,Wife27,2,1,e.empln27@iraqioil.gov.ir
28,Driver,EmpFN28,EmpLN28,M,South Korea,9647433891,9647943927,Wife28,2,1,e.empln28@iraqioil.gov.ir
29,Engineer,EmpFN29,EmpLN29,M,Germany,9647927203,9647414434,Wife29,1,1,e.empln29@iraqioil.gov.ir
30,Engineer,EmpFN30,EmpLN30,M,China,9647726890,9647881712,Wife30,1,2,e.empln30@iraqioil.gov.ir
31,Driver,EmpFN31,EmpLN31,M,Germany,9647918849,9647224742,Wife31,1,1,e.empln31@iraqioil.gov.ir
32,Driver,EmpFN32,EmpLN32,M,Iraq,9647117562,9647445717,Wife32,4,1,e.empln32@iraqioil.gov.ir
33,Admin,EmpFN33,EmpLN33,M,South Korea,9647213251,9647687076,Wife33,3,3,e.empln33@iraqioil.gov.ir
34,Engineer,EmpFN34,EmpLN34,M,China,9647593841,9647257217,Wife34,2,3,e.empln34@iraqioil.gov.ir
35,Technician,EmpFN35,EmpLN35,M,Iran,964758956,9647423618,Wife35,4,2,e.empln35@iraqioil.gov.ir
36,Technician,EmpFN36,EmpLN36,M,Germany,9647228097,9647768976,Wife36,0,2,e.empln36@iraqioil.gov.ir
37,Digger,EmpFN37,EmpLN37,M,Germany,9647524393,9647110198,Wife37,4,2,e.empln37@iraqioil.gov.ir
38,Digger,EmpFN38,EmpLN38,M,South Korea,9647519243,9647738606,Wife38,0,2,e.empln38@iraqioil.gov.ir
39,Digger,EmpFN39,EmpLN39,M,Iraq,9647835683,9647861423,Wife39,4,2,e.empln39@iraqioil.gov.ir
40,Driver,EmpFN40,EmpLN40,M,Iraq,9647721391,9647149934,Wife40,2,2,e.empln40@iraqioil.gov.ir
41,Driver,EmpFN41,EmpLN41,M,South Korea,9647737383,9647506994,Wife41,1,1,e.empln41@iraqioil.gov.ir
42,Admin,EmpFN42,EmpLN42,M,China,9647541597,964788047,Wife42,4,3,e.empln42@iraqioil.gov.ir
43,Driver,EmpFN43,EmpLN43,M,South Korea,9647423922,9647150873,Wife43,2,3,e.empln43@iraqioil.gov.ir
44,Technician,EmpFN44,EmpLN44,M,Iran,9647385286,9647257805,Wife44,0,3,e.empln44@iraqioil.gov.ir
45,Engineer,EmpFN45,EmpLN45,M,South Korea,9647991521,964749955,Wife45,1,1,e.empln45@iraqioil.gov.ir
46,Technician,EmpFN46,EmpLN46,M,Iran,9647323644,964774512,Wife46,2,3,e.empln46@iraqioil.gov.ir
47,Driver,EmpFN47,EmpLN47,M,China,964729678,9647437963,Wife47,0,1,e.empln47@iraqioil.gov.ir
48,Driver,EmpFN48,EmpLN48,M,South Korea,9647400718,9647997162,Wife48,3,3,e.empln48@iraqioil.gov.ir
49,Technician,EmpFN49,EmpLN49,M,South Korea,9647323936,9647715936,Wife49,3,3,e.empln49@iraqioil.gov.ir
50,Driver,EmpFN50,EmpLN50,M,Germany,9647577870,9647401173,Wife50,1,1,e.empln50@iraqioil.gov.ir
51,Digger,EmpFN51,EmpLN51,M,China,964718702,9647932594,Wife51,3,1,e.empln51@iraqioil.gov.ir
52,Technician,EmpFN52,EmpLN52,M,Iraq,9647417826,9647786687,Wife52,3,1,e.empln52@iraqioil.gov.ir
53,Engineer,EmpFN53,EmpLN53,M,South Korea,9647895810,9647455898,Wife53,2,2,e.empln53@iraqioil.gov.ir
54,Engineer,EmpFN54,EmpLN54,M,Iraq,9647220851,9647635488,Wife54,2,3,e.empln54@iraqioil.gov.ir
55,Driver,EmpFN55,EmpLN55,M,Iran,9647475779,9647461976,Wife55,4,1,e.empln55@iraqioil.gov.ir
56,Admin,EmpFN56,EmpLN56,M,China,9647297515,9647433659,Wife56,1,1,e.empln56@iraqioil.gov.ir
57,Admin,EmpFN57,EmpLN57,M,Germany,9647189859,9647224385,Wife57,2,1,e.empln57@iraqioil.gov.ir
58,Driver,EmpFN58,EmpLN58,M,South Korea,9647961373,9647815380,Wife58,0,2,e.empln58@iraqioil.gov.ir
59,Engineer,EmpFN59,EmpLN59,M,Germany,9647465735,9647830214,Wife59,3,1,e.empln59@iraqioil.gov.ir
60,Engineer,EmpFN60,EmpLN60,M,Iran,9647719735,9647129566,Wife60,2,1,e.empln60@iraqioil.gov.ir
61,Digger,EmpFN61,EmpLN61,M,Iran,9647920850,9647518,Wife61,1,1,e.empln61@iraqioil.gov.ir
62,Technician,EmpFN62,EmpLN62,M,South Korea,964728879,9647835457,Wife62,0,3,e.empln62@iraqioil.gov.ir
63,Admin,EmpFN63,EmpLN63,M,Germany,9647969603,9647433949,Wife63,1,1,e.empln63@iraqioil.gov.ir
64,Technician,EmpFN64,EmpLN64,M,Iraq,964748756,9647797951,Wife64,4,3,e.empln64@iraqioil.gov.ir
65,Admin,EmpFN65,EmpLN65,M,Germany,9647570618,9647453266,Wife65,2,2,e.empln65@iraqioil.gov.ir
66,Technician,EmpFN66,EmpLN66,M,South Korea,9647600749,9647724145,Wife66,4,3,e.empln66@iraqioil.gov.ir
67,Engineer,EmpFN67,EmpLN67,M,Iran,9647376768,9647997910,Wife67,4,1,e.empln67@iraqioil.gov.ir
68,Digger,EmpFN68,EmpLN68,M,South Korea,964726959,9647836080,Wife68,0,3,e.empln68@iraqioil.gov.ir
69,Driver,EmpFN69,EmpLN69,M,China,9647422829,9647293430,Wife69,0,1,e.empln69@iraqioil.gov.ir
70,Digger,EmpFN70,EmpLN70,M,Germany,9647625038,9647605778,Wife70,0,3,e.empln70@iraqioil.gov.ir
71,Technician,EmpFN71,EmpLN71,M,South Korea,9647248713,9647360714,Wife71,0,1,e.empln71@iraqioil.gov.ir
72,Digger,EmpFN72,EmpLN72,M,South Korea,9647685637,9647481830,Wife72,1,1,e.empln72@iraqioil.gov.ir
73,Admin,EmpFN73,EmpLN73,M,South Korea,9647743625,9647732754,Wife73,2,3,e.empln73@iraqioil.gov.ir
74,Admin,EmpFN74,EmpLN74,M,South Korea,9647219609,9647807955,Wife74,1,2,e.empln74@iraqioil.gov.ir
75,Technician,EmpFN75,EmpLN75,M,Iran,9647540910,9647109216,Wife75,4,1,e.empln75@iraqioil.gov.ir
76,Driver,EmpFN76,EmpLN76,M,Germany,9647523925,964789411,Wife76,4,1,e.empln76@iraqioil.gov.ir
77,Digger,EmpFN77,EmpLN77,M,China,9647507786,9647787231,Wife77,2,3,e.empln77@iraqioil.gov.ir
78,Technician,EmpFN78,EmpLN78,M,China,9647472493,9647587508,Wife78,2,3,e.empln78@iraqioil.gov.ir
79,Driver,EmpFN79,EmpLN79,M,South Korea,9647266508,9647440806,Wife79,2,3,e.empln79@iraqioil.gov.ir
80,Technician,EmpFN80,EmpLN80,M,China,9647813536,964762858,Wife80,4,1,e.empln80@iraqioil.gov.ir
81,Technician,EmpFN81,EmpLN81,M,Iran,9647420739,9647550679,Wife81,2,3,e.empln81@iraqioil.gov.ir
82,Admin,EmpFN82,EmpLN82,M,China,9647947675,9647787515,Wife82,0,1,e.empln82@iraqioil.gov.ir
83,Technician,EmpFN83,EmpLN83,M,Iraq,9647229204,9647127223,Wife83,4,2,e.empln83@iraqioil.gov.ir
84,Digger,EmpFN84,EmpLN84,M,South Korea,9647678825,9647261167,Wife84,1,2,e.empln84@iraqioil.gov.ir
85,Engineer,EmpFN85,EmpLN85,M,China,9647736592,9647625768,Wife85,4,3,e.empln85@iraqioil.gov.ir
86,Digger,EmpFN86,EmpLN86,M,Iraq,9647553708,9647737080,Wife86,0,3,e.empln86@iraqioil.gov.ir
87,Admin,EmpFN87,EmpLN87,M,South Korea,9647860418,9647325738,Wife87,0,1,e.empln87@iraqioil.gov.ir
88,Engineer,EmpFN88,EmpLN88,M,Iraq,9647565306,9647803873,Wife88,1,1,e.empln88@iraqioil.gov.ir
89,Engineer,EmpFN89,EmpLN89,M,South Korea,9647187435,9647920649,Wife89,0,2,e.empln89@iraqioil.gov.ir
90,Engineer,EmpFN90,EmpLN90,M,Iraq,9647358706,9647414682,Wife90,4,3,e.empln90@iraqioil.gov.ir
91,Driver,EmpFN91,EmpLN91,M,China,9647709481,9647425229,Wife91,4,3,e.empln91@iraqioil.gov.ir
92,Admin,EmpFN92,EmpLN92,M,South Korea,9647869954,9647199972,Wife92,1,2,e.empln92@iraqioil.gov.ir
93,Admin,EmpFN93,EmpLN93,M,Iran,9647517989,964734398,Wife93,3,3,e.empln93@iraqioil.gov.ir
94,Engineer,EmpFN94,EmpLN94,M,Germany,9647968044,9647514422,Wife94,3,3,e.empln94@iraqioil.gov.ir
95,Digger,EmpFN95,EmpLN95,M,Germany,9647593841,9647450262,Wife95,2,3,e.empln95@iraqioil.gov.ir
96,Admin,EmpFN96,EmpLN96,M,Iran,9647817091,9647348820,Wife96,1,2,e.empln96@iraqioil.gov.ir
97,Technician,EmpFN97,EmpLN97,M,South Korea,9647352694,9647374031,Wife97,4,3,e.empln97@iraqioil.gov.ir
98,Technician,EmpFN98,EmpLN98,M,Germany,9647539877,9647316123,Wife98,4,3,e.empln98@iraqioil.gov.ir
99,Technician,EmpFN99,EmpLN99,M,Germany,9647947772,9647450515,Wife99,2,3,e.empln99@iraqioil.gov.ir
100,Technician,EmpFN100,EmpLN100,M,Iraq,9647991010,9647517611,Wife100,3,2,e.empln100@iraqioil.gov.ir
101,Driver,EmpFN101,EmpLN101,M,China,964725779,9647333965,Wife101,2,3,e.empln101@iraqioil.gov.ir
102,Engineer,EmpFN102,EmpLN102,M,China,9647148457,96477658,Wife102,2,3,e.empln102@iraqioil.gov.ir
103,Digger,EmpFN103,EmpLN103,M,Iran,9647320595,9647137867,Wife103,3,1,e.empln103@iraqioil.gov.ir
104,Digger,EmpFN104,EmpLN104,M,Iraq,9647276022,9647325911,Wife104,4,1,e.empln104@iraqioil.gov.ir
105,Driver,EmpFN105,EmpLN105,M,South Korea,9647925149,9647731213,Wife105,4,1,e.empln105@iraqioil.gov.ir
106,Admin,EmpFN106,EmpLN106,M,China,9647776821,9647688316,Wife106,0,2,e.empln106@iraqioil.gov.ir
107,Engineer,EmpFN107,EmpLN107,M,Iraq,9647277126,96473621,Wife107,0,3,e.empln107@iraqioil.gov.ir
108,Engineer,EmpFN108,EmpLN108,M,Germany,9647339876,9647198785,Wife108,4,1,e.empln108@iraqioil.gov.ir
109,Admin,EmpFN109,EmpLN109,M,Germany,9647833235,9647851319,Wife109,3,1,e.empln109@iraqioil.gov.ir
110,Digger,EmpFN110,EmpLN110,M,South Korea,9647942702,9647560601,Wife110,4,1,e.empln110@iraqioil.gov.ir
111,Engineer,EmpFN111,EmpLN111,M,South Korea,9647962455,9647965025,Wife111,4,3,e.empln111@iraqioil.gov.ir
112,Engineer,EmpFN112,EmpLN112,M,China,9647511996,9647373137,Wife112,1,2,e.empln112@iraqioil.gov.ir
113,Driver,EmpFN113,EmpLN113,M,South Korea,9647501382,9647424841,Wife113,3,3,e.empln113@iraqioil.gov.ir
114,Technician,EmpFN114,EmpLN114,M,Iran,9647525467,964728330,Wife114,2,3,e.empln114@iraqioil.gov.ir
115,Engineer,EmpFN115,EmpLN115,M,Iran,9647112436,964775803,Wife115,0,3,e.empln115@iraqioil.gov.ir
116,Driver,EmpFN116,EmpLN116,M,Iran,9647454572,9647395178,Wife116,3,3,e.empln116@iraqioil.gov.ir
117,Admin,EmpFN117,EmpLN117,M,Iraq,9647752743,9647539854,Wife117,2,2,e.empln117@iraqioil.gov.ir
118,Driver,EmpFN118,EmpLN118,M,China,9647527522,9647831919,Wife118,2,2,e.empln118@iraqioil.gov.ir
119,Technician,EmpFN119,EmpLN119,M,Iran,9647908814,9647810165,Wife119,1,1,e.empln119@iraqioil.gov.ir
120,Digger,EmpFN120,EmpLN120,M,China,9647775224,9647839916,Wife120,4,3,e.empln120@iraqioil.gov.ir
